Handle,ProductVersionType,Price,UnitCost,Barcodes,LowInventoryThreshold,BaseProductName,BaseProductPosName,ShortDescription,LongDescription,IsPublished,IsOrderable,MaxPerPersonOrderQty,ValidToDate,ProductCategories,RequirementCategories,RestrictionCategories,TaxCategories,Vendor
Breadsticks,Standard,0.95,,DBG00000018,,Breadsticks,Breadsticks,Breadsticks,,true,false,,,Bread;,,,,
Buttermilk Cornbread,Standard,0.95,,DBG00000206,,Buttermilk Cornbread,Btrmlk Crnbrd,Buttermilk Cornbread,,true,false,,,Bread;,,,,
Dinner Rolls,Standard,0.95,,DBG00000058,,Dinner Rolls,Dinner Rolls,Dinner Rolls,,true,false,,,Bread;,,,,
Garlic Bread,Standard,0.95,,DBG00000207,,Garlic Bread,Garlic Bread,Garlic Bread,,true,false,,,Bread;,,,,
Garlic Butter Breadsticks,Standard,0.95,,DBG00000068,,Garlic Butter Breadsticks,GrlcBttrBrdstc,Garlic Butter Breadsticks,,true,false,,,Bread;,,,,
Honey-Glazed Cornbread,Standard,0.95,,DBG00000082,,Honey-Glazed Cornbread,HnyGlzdCrnbrd,Honey-Glazed Cornbread,,true,false,,,Bread;,,,,
Assorted Cold Cereals,Standard,1.75,,DBG00000001,,Assorted Cold Cereals,AsstColdCereals,Assorted Cold Cereals,,true,false,,,Breakfast;,,,,
Assorted Scones,Standard,2.50,,DBG00000208,,Assorted Scones,Asst Scones,Assorted Scones,,true,false,,,Breakfast;,,,,
Bacon,Standard,2.25,,DBG00000008,,Bacon,Bcn,Bacon,,true,false,,,Breakfast;,,,,
"Bacon, Egg, and Cheese Bagel",Standard,3.75,,DBG00000012,,"Bacon, Egg, and Cheese Bagel",Bcn EC Bagel,"Bacon, Egg, and Cheese Bagel",,true,false,,,Breakfast;,,,,
Biscuits,Standard,1.50,,DBG00000014,,Biscuits,Biscuits,Biscuits,,true,false,,,Breakfast;,,,,
Blueberry Muffins,Standard,3.00,,DBG00000016,,Blueberry Muffins,BlbrryMffns,Blueberry Muffins,,true,false,,,Breakfast;,,,,
Blueberry Scones,Standard,2.50,,DBG00000017,,Blueberry Scones,BlueberryScones,Blueberry Scones,,true,false,,,Breakfast;,,,,
Breakfast Bagel Bar,Standard,4.00,,DBG00000209,,Breakfast Bagel Bar,BrkfstBagelBar,Breakfast Bagel Bar,,true,false,,,Breakfast;,,,,
Breakfast Sausage Patties,Standard,2.00,,DBG00000019,,Breakfast Sausage Patties,Bfast Ssg Pty,Breakfast Sausage Patties,,true,false,,,Breakfast;,,,,
Cheese Grits,Standard,2.15,,DBG00000031,,Cheese Grits,Chz Grits,Cheese Grits,,true,false,,,Breakfast;,,,,
Chicken and Waffle Sandwich,Standard,4.50,,DBG00000210,,Chicken and Waffle Sandwich,Chk Waffle Sand,Chicken and Waffle Sandwich,,true,false,,,Breakfast;,,,,
Cinnamon Rolls,Standard,2.75,,DBG00000053,,Cinnamon Rolls,Cin Rolls,Cinnamon Rolls,,true,false,,,Breakfast;,,,,
Double Chocolate Muffins,Standard,3.00,,DBG00000059,,Double Chocolate Muffins,Choc Muff,Double Chocolate Muffins,,true,false,,,Breakfast;,,,,
Fried French Toast Sticks,Standard,2.75,,DBG00000065,,Fried French Toast Sticks,FT Sticks,Fried French Toast Sticks,,true,false,,,Breakfast;,,,,
Glazed Doughnuts,Standard,2.50,,DBG00000211,,Glazed Doughnuts,GlazedDoughnuts,Glazed Doughnuts,,true,false,,,Breakfast;,,,,
Ham and Cheddar Croissant,Standard,4.50,,DBG00000212,,Ham and Cheddar Croissant,Ham Chd Croi,Ham and Cheddar Croissant,,true,false,,,Breakfast;,,,,
Hashbrowns,Standard,2.00,,DBG00000213,,Hashbrowns,Hashbrowns,Hashbrowns,,true,false,,,Breakfast;,,,,
Honey Butter Chicken Biscuit,Standard,3.75,,DBG00000080,,Honey Butter Chicken Biscuit,HnyBttrChkBsct,Honey Butter Chicken Biscuit,,true,false,,,Breakfast;,,,,
Made-To-Order Breakfast Sandwich Bar,Standard,3.75,,DBG00000214,,Made-To-Order Breakfast Sandwich Bar,MdToOrdBrkfsSnd,Made-To-Order Breakfast Sandwich Bar,,true,false,,,Breakfast;,,,,
Sausage Biscuit,Standard,3.75,,DBG00000115,,Sausage Biscuit,Saus Biscuit,Sausage Biscuit,,true,false,,,Breakfast;,,,,
"Sausage, Egg, and Cheese on English Muffin",Standard,3.75,,DBG00000116,,"Sausage, Egg, and Cheese on English Muffin",SEC Eng Muff,"Sausage, Egg, and Cheese on English Muffin",,true,false,,,Breakfast;,,,,
Scrambled Eggs,Standard,2.00,,DBG00000118,,Scrambled Eggs,Scrambled Eggs,Scrambled Eggs,,true,false,,,Breakfast;,,,,
Waffles,Standard,3.00,,DBG00000146,,Waffles,Waffles,Waffles,,true,false,,,Breakfast;,,,,
Blackberry Lemonade,Standard,2.75,,DBG00000215,,Blackberry Lemonade,BlkbryLmnd,Blackberry Lemonade,,true,false,,,House-made Beverages;,,,,
Blueberry-Pineapple Smoothie,Standard,4.00,,DBG00000216,,Blueberry-Pineapple Smoothie,BlbrryPnpplSmth,Blueberry-Pineapple Smoothie,,true,false,,,House-made Beverages;,,,,
Fresh-Brewed Coffee,Standard,1.50,,DBG00000063,,Fresh-Brewed Coffee,Hot Coffee,Fresh-Brewed Coffee,,true,false,,,House-made Beverages;,,,,
Hot Chocolate,Standard,4.50,,DBG00000083,,Hot Chocolate,Hot Choccolate,Hot Chocolate,,true,false,,,House-made Beverages;,,,,
Hot Chocolate Toppings,Standard,0.70,,DBG00000217,,Hot Chocolate Toppings,HotChocToppings,Hot Chocolate Toppings,,true,false,,,House-made Beverages;,,,,
House-Made Lemonade,Standard,1.40,,"DBG00000218,DBG00000092",,House-Made Lemonade,HsMadeLmnd,House-Made Lemonade,,true,false,,,House-made Beverages;,,,,
House-Made Watermelon Lemonade,Standard,2.75,,"DBG00000219,DBG00000205",,House-Made Watermelon Lemonade,HsMadeWtmlLmnde,House-Made Watermelon Lemonade,,true,false,,,House-made Beverages;,,,,
Lemonade Iced Tea,Standard,2.75,,DBG00000220,,Lemonade Iced Tea,LemonadeIcedTea,Lemonade Iced Tea,,true,false,,,House-made Beverages;,,,,
Lemonade with Strawberry Popping Pearls,Standard,3.75,,DBG00000221,,Lemonade with Strawberry Popping Pearls,LmndStrwPppngPr,Lemonade with Strawberry Popping Pearls,,true,false,,,House-made Beverages;,,,,
Popping Passion Fruit Lemonade,Standard,3.75,,DBG00000222,,Popping Passion Fruit Lemonade,PpngPssnFrtLmnd,Popping Passion Fruit Lemonade,,true,false,,,House-made Beverages;,,,,
Popping Passion Fruit Tea,Standard,3.75,,DBG00000223,,Popping Passion Fruit Tea,PpngPssnFrtTea,Popping Passion Fruit Tea,,true,false,,,House-made Beverages;,,,,
Popping Peach Mango Tea,Standard,3.75,,DBG00000224,,Popping Peach Mango Tea,PpngPchMngTea,Popping Peach Mango Tea,,true,false,,,House-made Beverages;,,,,
Popping Vietnamese Coffee,Standard,3.75,,DBG00000225,,Popping Vietnamese Coffee,PpngVietCoff,Popping Vietnamese Coffee,,true,false,,,House-made Beverages;,,,,
Premium House Bottle Drinks,Standard,3.50,,DBG00000226,,Premium House Bottle Drinks,PrmmHsBttlDrnks,Premium House Bottle Drinks,,true,false,,,House-made Beverages;,,,,
Raspberry Tea,Standard,2.75,,DBG00000227,,Raspberry Tea,Raspberry Tea,Raspberry Tea,,true,false,,,House-made Beverages;,,,,
Strawberry Banana Smoothie,Standard,4.00,,DBG00000228,,Strawberry Banana Smoothie,StrwBnnSmth,Strawberry Banana Smoothie,,true,false,,,House-made Beverages;,,,,
Sweetened Iced Tea,Standard,1.40,,DBG00000136,,Sweetened Iced Tea,Swt Tea,Sweetened Iced Tea,,true,false,,,House-made Beverages;,,,,
Tropical Melon Green Smoothie,Standard,4.00,,DBG00000229,,Tropical Melon Green Smoothie,TrpclMlnGrnSmth,Tropical Melon Green Smoothie,,true,false,,,House-made Beverages;,,,,
Vietnamese Coffee,Standard,3.50,,DBG00000144,,Vietnamese Coffee,Viet Coffee,Vietnamese Coffee,,true,false,,,House-made Beverages;,,,,
Arrezzio Lemon Italian Ice,Standard,3.50,,DBG00000230,,Arrezzio Lemon Italian Ice,Arz Lmn IT Ice,Arrezzio Lemon Italian Ice,,true,false,,,Ice Cream;,,,,
Arrezzio Strawberry Italian Ice,Standard,3.50,,DBG00000231,,Arrezzio Strawberry Italian Ice,Arz Strw IT Ice,Arrezzio Strawberry Italian Ice,,true,false,,,Ice Cream;,,,,
Banjo Classic,Standard,4.15,,DBG00000232,,Banjo Classic,Banjo Clsc,Banjo Classic,,true,false,,,Ice Cream;,,,,
Chocolate Cup,Standard,4.75,,DBG00000233,,Chocolate Cup,Choc Cup,Chocolate Cup,,true,false,,,Ice Cream;,,,,
Chocolate Eclair Stick,Standard,4.15,,DBG00000234,,Chocolate Eclair Stick,ChocEclairStick,Chocolate Eclair Stick,,true,false,,,Ice Cream;,,,,
Chocolate Sundae,Standard,4.75,,DBG00000235,,Chocolate Sundae,Choc Sundae,Chocolate Sundae,,true,false,,,Ice Cream;,,,,
Cotton Candy Ice Cream Cup,Standard,4.75,,DBG00000236,,Cotton Candy Ice Cream Cup,CttnCndyIceCrmC,Cotton Candy Ice Cream Cup,,true,false,,,Ice Cream;,,,,
Dulce de leche,Standard,4.75,,DBG00000237,,Dulce de leche,Dulce De Leche,Dulce de leche,,true,false,,,Ice Cream;,,,,
Fudjo Bar,Standard,4.15,,DBG00000238,,Fudjo Bar,Fudjo Bar,Fudjo Bar,,true,false,,,Ice Cream;,,,,
Ice Cream Sand Mint (Giant),Standard,4.15,,DBG00000239,,Ice Cream Sand Mint (Giant),IceCrmSandMintG,Ice Cream Sand Mint (Giant),,true,false,,,Ice Cream;,,,,
Ice Cream Sand Vanilla (Giant),Standard,4.15,,DBG00000240,,Ice Cream Sand Vanilla (Giant),IceCrmSandVnllG,Ice Cream Sand Vanilla (Giant),,true,false,,,Ice Cream;,,,,
Incredible Cone,Standard,4.75,,DBG00000241,,Incredible Cone,Incredible Cone,Incredible Cone,,true,false,,,Ice Cream;,,,,
Incredible Ice Cherry,Standard,3.50,,DBG00000242,,Incredible Ice Cherry,IncrdbIceChrry,Incredible Ice Cherry,,true,false,,,Ice Cream;,,,,
Midnight Caramel River,Standard,4.75,,DBG00000243,,Midnight Caramel River,MdnghtCrmlRvr,Midnight Caramel River,,true,false,,,Ice Cream;,,,,
Orange Blossom Bar,Standard,4.15,,DBG00000244,,Orange Blossom Bar,OrngBlssmBar,Orange Blossom Bar,,true,false,,,Ice Cream;,,,,
Polar Bear Bownie,Standard,4.75,,DBG00000245,,Polar Bear Bownie,PolarBearBownie,Polar Bear Bownie,,true,false,,,Ice Cream;,,,,
Polar Bear Choc Chip,Standard,4.75,,DBG00000246,,Polar Bear Choc Chip,PlrBearChocChip,Polar Bear Choc Chip,,true,false,,,Ice Cream;,,,,
Polar Bear Cook Crea,Standard,4.75,,DBG00000247,,Polar Bear Cook Crea,PlrBearCookCrea,Polar Bear Cook Crea,,true,false,,,Ice Cream;,,,,
Strawberry Shortcake Stick,Standard,4.15,,DBG00000248,,Strawberry Shortcake Stick,StrwShrtckStck,Strawberry Shortcake Stick,,true,false,,,Ice Cream;,,,,
Strawberry Sundae,Standard,4.75,,DBG00000249,,Strawberry Sundae,Straw Sundae,Strawberry Sundae,,true,false,,,Ice Cream;,,,,
Super Cookies and Cream Cone,Standard,4.75,,DBG00000250,,Super Cookies and Cream Cone,SuprCksCrmCone,Super Cookies and Cream Cone,,true,false,,,Ice Cream;,,,,
Tropikool Mango,Standard,4.15,,DBG00000251,,Tropikool Mango,Tropikool Mango,Tropikool Mango,,true,false,,,Ice Cream;,,,,
Tropikool Strawberry,Standard,4.15,,DBG00000252,,Tropikool Strawberry,Tropikool Straw,Tropikool Strawberry,,true,false,,,Ice Cream;,,,,
NO ID,Standard,0.00,,DBG00000253,,NO ID,No Id,NO ID,,true,false,,,Misc Operation;,,,,
Assorted Gelatin,Standard,2.50,,DBG00000254,,Assorted Gelatin,Asst Gelatin,Assorted Gelatin,,true,false,,,Packaged Desserts;,,,,
Cake in a Cup,Standard,3.75,,DBG00000255,,Cake in a Cup,Cake In Cup,Cake in a Cup,,true,false,,,Packaged Desserts;,,,,
Oreo® Cheesecake,Standard,3.75,,DBG00000100,,Oreo® Cheesecake,Oreo Cheesecake,Oreo® Cheesecake,,true,false,,,Packaged Desserts;,,,,
Open House Boxed Lunch,Standard,7.00,,DBG00000256,,Open House Boxed Lunch,OpenHsBxdLnch,Open House Boxed Lunch,,true,false,,,Packaged Entree;,,,,
Baja Style House Fried Potato Chips,Standard,2.00,,DBG00000257,,Baja Style House Fried Potato Chips,BajaHsFrdPotChp,Baja Style House Fried Potato Chips,,true,false,,,Packaged Snacks;,,,,
Belvita Blueberry,Standard,2.00,,DBG00000258,,Belvita Blueberry,BlvtBlbrry,Belvita Blueberry,,true,false,,,Packaged Snacks;,,,,
Blueberry Muffin Trifle,Standard,3.75,,DBG00000259,,Blueberry Muffin Trifle,BlbrryMffnTrfl,Blueberry Muffin Trifle,,true,false,,,Packaged Snacks;,,,,
Cheez It,Standard,2.00,,DBG00000260,,Cheez It,Cheez It,Cheez It,,true,false,,,Packaged Snacks;,,,,
Chester's Hot Fries,Standard,2.00,,DBG00000261,,Chester's Hot Fries,ChstrSHotFrs,Chester's Hot Fries,,true,false,,,Packaged Snacks;,,,,
Chex Mix,Standard,2.00,,DBG00000262,,Chex Mix,Chex Mix,Chex Mix,,true,false,,,Packaged Snacks;,,,,
Doritos Cool Ranch,Standard,2.00,,DBG00000263,,Doritos Cool Ranch,DrtsCoolRnch,Doritos Cool Ranch,,true,false,,,Packaged Snacks;,,,,
Doritos Nacho,Standard,2.00,,DBG00000264,,Doritos Nacho,Doritos Nacho,Doritos Nacho,,true,false,,,Packaged Snacks;,,,,
Fig Bar Apple Cinnamon,Standard,2.00,,DBG00000265,,Fig Bar Apple Cinnamon,FigBarAppleCin,Fig Bar Apple Cinnamon,,true,false,,,Packaged Snacks;,,,,
Fig Bar Blueberry,Standard,2.00,,DBG00000266,,Fig Bar Blueberry,FigBarBlueberry,Fig Bar Blueberry,,true,false,,,Packaged Snacks;,,,,
Fig Bar Peach Apricot,Standard,2.00,,DBG00000267,,Fig Bar Peach Apricot,FigBarPchAprct,Fig Bar Peach Apricot,,true,false,,,Packaged Snacks;,,,,
Fig Bar Raspberry,Standard,2.00,,DBG00000268,,Fig Bar Raspberry,FigBarRaspberry,Fig Bar Raspberry,,true,false,,,Packaged Snacks;,,,,
Fig Bar Strawberry,Standard,2.00,,DBG00000269,,Fig Bar Strawberry,Fig Bar Straw,Fig Bar Strawberry,,true,false,,,Packaged Snacks;,,,,
Flaming Cheetos,Standard,2.00,,DBG00000270,,Flaming Cheetos,Flaming Cheetos,Flaming Cheetos,,true,false,,,Packaged Snacks;,,,,
Fritos BBQ Twist,Standard,2.00,,DBG00000271,,Fritos BBQ Twist,FritosBbqTwist,Fritos BBQ Twist,,true,false,,,Packaged Snacks;,,,,
Frozen Grapes,Standard,2.75,,DBG00000272,,Frozen Grapes,Frozen Grapes,Frozen Grapes,,true,false,,,Packaged Snacks;,,,,
Fudge Stripes,Standard,2.00,,DBG00000273,,Fudge Stripes,Fudge Stripes,Fudge Stripes,,true,false,,,Packaged Snacks;,,,,
Gardettos,Standard,2.00,,DBG00000274,,Gardettos,Gardettos,Gardettos,,true,false,,,Packaged Snacks;,,,,
Gold Fish,Standard,2.00,,DBG00000275,,Gold Fish,Gold Fish,Gold Fish,,true,false,,,Packaged Snacks;,,,,
House Made Spicy Dill Chips,Standard,2.00,,DBG00000276,,House Made Spicy Dill Chips,HsMadeSpcyDillC,House Made Spicy Dill Chips,,true,false,,,Packaged Snacks;,,,,
House-Made Ranch Chip,Standard,2.00,,DBG00000277,,House-Made Ranch Chip,HsMadeRnchChip,House-Made Ranch Chip,,true,false,,,Packaged Snacks;,,,,
House-Made Sweet Heat Chips,Standard,2.00,,DBG00000278,,House-Made Sweet Heat Chips,HousMdeSwtHtChp,House-Made Sweet Heat Chips,,true,false,,,Packaged Snacks;,,,,
Lays BBQ,Standard,2.00,,DBG00000279,,Lays BBQ,Lays Bbq,Lays BBQ,,true,false,,,Packaged Snacks;,,,,
Lays Sour Cream 1.5 oz,Standard,2.00,,DBG00000280,,Lays Sour Cream 1.5 oz,LS Cream 1 5 Oz,Lays Sour Cream 1.5 oz,,true,false,,,Packaged Snacks;,,,,
Miss Vickies Jalapeno,Standard,2.00,,DBG00000281,,Miss Vickies Jalapeno,MissVickiesJal,Miss Vickies Jalapeno,,true,false,,,Packaged Snacks;,,,,
Miss Vickies Salt Vinegar,Standard,2.00,,DBG00000282,,Miss Vickies Salt Vinegar,MissVcksSaltVng,Miss Vickies Salt Vinegar,,true,false,,,Packaged Snacks;,,,,
Miss Vickies Sea Salt,Standard,2.00,,DBG00000283,,Miss Vickies Sea Salt,MissVcksSeaSalt,Miss Vickies Sea Salt,,true,false,,,Packaged Snacks;,,,,
Mott's Fruit,Standard,2.00,,DBG00000284,,Mott's Fruit,Mott S Frt,Mott's Fruit,,true,false,,,Packaged Snacks;,,,,
Mott's Mixed Berry,Standard,2.00,,DBG00000285,,Mott's Mixed Berry,MottSMixedBerry,Mott's Mixed Berry,,true,false,,,Packaged Snacks;,,,,
Ms. Vickie BBQ,Standard,3.00,,DBG00000286,,Ms. Vickie BBQ,Ms Vickie Bbq,Ms. Vickie BBQ,,true,false,,,Packaged Snacks;,,,,
Nutrigrain Bar Ap Cin,Standard,2.00,,DBG00000287,,Nutrigrain Bar Ap Cin,NtrgrnBarApCin,Nutrigrain Bar Ap Cin,,true,false,,,Packaged Snacks;,,,,
Nutrigrain Bar Blue,Standard,2.00,,DBG00000288,,Nutrigrain Bar Blue,NtrgrnBarBlue,Nutrigrain Bar Blue,,true,false,,,Packaged Snacks;,,,,
Nutrigrain Bar Straw,Standard,2.00,,DBG00000289,,Nutrigrain Bar Straw,NtrgrnBarStrw,Nutrigrain Bar Straw,,true,false,,,Packaged Snacks;,,,,
Oreo Mini,Standard,2.00,,DBG00000290,,Oreo Mini,Oreo Mini,Oreo Mini,,true,false,,,Packaged Snacks;,,,,
Oreo Mini - 3 oz,Standard,2.00,,DBG00000291,,Oreo Mini - 3 oz,Oreo Mini 3 Oz,Oreo Mini - 3 oz,,true,false,,,Packaged Snacks;,,,,
Pretzels Roll Gold,Standard,2.00,,DBG00000292,,Pretzels Roll Gold,PrtzlsRollGold,Pretzels Roll Gold,,true,false,,,Packaged Snacks;,,,,
Regular Lays Chips,Standard,2.00,,DBG00000293,,Regular Lays Chips,RglrLaysChps,Regular Lays Chips,,true,false,,,Packaged Snacks;,,,,
Smartfood Popcorn,Standard,2.00,,DBG00000294,,Smartfood Popcorn,SmrtfdPpcrn,Smartfood Popcorn,,true,false,,,Packaged Snacks;,,,,
Treat Rice Krispie,Standard,2.00,,DBG00000295,,Treat Rice Krispie,TrtRiceKrsp,Treat Rice Krispie,,true,false,,,Packaged Snacks;,,,,
Welch's Fruit Snacks - Mixed,Standard,2.00,,DBG00000296,,Welch's Fruit Snacks - Mixed,WlchSFrtSncksMx,Welch's Fruit Snacks - Mixed,,true,false,,,Packaged Snacks;,,,,
Bacon Cheeseburger Combo,Standard,6.50,,"DBG00000149,DBG00000297",,Bacon Cheeseburger Combo,Bcn Chzbrg Cmb,Bacon Cheeseburger Combo,,true,false,,,Plated Entree;,,,,
Bacon Cheeseburgers,Standard,4.75,,"DBG00000009,DBG00000298",,Bacon Cheeseburgers,BcnChsbrg,Bacon Cheeseburgers,,true,false,,,Plated Entree;,,,,
Bacon-Cheddar Chicken Sandwich,Standard,4.75,,DBG00000299,,Bacon-Cheddar Chicken Sandwich,BcnChdChickSand,Bacon-Cheddar Chicken Sandwich,,true,false,,,Plated Entree;,,,,
Bacon-Cheddar Chicken Sandwich Comb,Standard,6.50,,DBG00000300,,Bacon-Cheddar Chicken Sandwich Comb,BcnChdChkSndCmb,Bacon-Cheddar Chicken Sandwich Comb,,true,false,,,Plated Entree;,,,,
Bang Bang Chicken,Standard,5.05,,DBG00000301,,Bang Bang Chicken,Bang Bang Chick,Bang Bang Chicken,,true,false,,,Plated Entree;,,,,
Bang Bang Chicken Combo,Standard,6.10,,DBG00000302,,Bang Bang Chicken Combo,BangBangChkCmb,Bang Bang Chicken Combo,,true,false,,,Plated Entree;,,,,
Bang Bang Rice and Noodle Bowl,Standard,6.10,,DBG00000150,,Bang Bang Rice and Noodle Bowl,BangRiceNdlBwl,Bang Bang Rice and Noodle Bowl,,true,false,,,Plated Entree;,,,,
Bang Bang Shrimp Bowl,Standard,7.10,,DBG00000303,,Bang Bang Shrimp Bowl,BangBangShrmpBo,Bang Bang Shrimp Bowl,,true,false,,,Plated Entree;,,,,
Bang Bang Tofu,Standard,5.05,,"DBG00000304,DBG00000305",,Bang Bang Tofu,Bang Bang Tofu,Bang Bang Tofu,,true,false,,,Plated Entree;,,,,
Bang Bang Tofu Rice Bowl,Standard,6.10,,DBG00000306,,Bang Bang Tofu Rice Bowl,BangBangTofuRic,Bang Bang Tofu Rice Bowl,,true,false,,,Plated Entree;,,,,
BBQ Chicken Pizza,Standard,4.75,,DBG00000307,,BBQ Chicken Pizza,Bbq Chick Pizza,BBQ Chicken Pizza,,true,false,,,Plated Entree;,,,,
BBQ Chicken Pizza Combo,Standard,6.50,,DBG00000308,,BBQ Chicken Pizza Combo,BbqChickPzzaCmb,BBQ Chicken Pizza Combo,,true,false,,,Plated Entree;,,,,
BBQ Pork Pizza Combo,Standard,6.50,,DBG00000309,,BBQ Pork Pizza Combo,BbqPorkPizzaCmb,BBQ Pork Pizza Combo,,true,false,,,Plated Entree;,,,,
BBQ Pulled Pork,Standard,5.05,,DBG00000310,,BBQ Pulled Pork,Bbq Pulled Pork,BBQ Pulled Pork,,true,false,,,Plated Entree;,,,,
BBQ Pulled Pork Pizza,Standard,4.75,,DBG00000311,,BBQ Pulled Pork Pizza,BbqPlldPorkPzz,BBQ Pulled Pork Pizza,,true,false,,,Plated Entree;,,,,
Beef and Cheese Quesadillas,Standard,4.75,,DBG00000312,,Beef and Cheese Quesadillas,BC Quedillas,Beef and Cheese Quesadillas,,true,false,,,Plated Entree;,,,,
Beef Bourguignon,Standard,5.05,,DBG00000313,,Beef Bourguignon,BeefBourguignon,Beef Bourguignon,,true,false,,,Plated Entree;,,,,
Beef Quesadilla Combo,Standard,6.50,,DBG00000314,,Beef Quesadilla Combo,BeefQsdllCmb,Beef Quesadilla Combo,,true,false,,,Plated Entree;,,,,
Bibimbap Bar,Standard,6.10,,DBG00000315,,Bibimbap Bar,Bibimbap Bar,Bibimbap Bar,,true,false,,,Plated Entree;,,,,
Birria Quesadilla,Standard,4.75,,DBG00000316,,Birria Quesadilla,BrrQsdll,Birria Quesadilla,,true,false,,,Plated Entree;,,,,
Birria Quesadilla Combo,Standard,6.50,,DBG00000317,,Birria Quesadilla Combo,BrrQsdllCmb,Birria Quesadilla Combo,,true,false,,,Plated Entree;,,,,
Blackened Chicken Breast,Standard,5.05,,DBG00000318,,Blackened Chicken Breast,BlckndChkBrst,Blackened Chicken Breast,,true,false,,,Plated Entree;,,,,
Blackened Chicken Combo,Standard,6.10,,DBG00000319,,Blackened Chicken Combo,BlackenedChkCmb,Blackened Chicken Combo,,true,false,,,Plated Entree;,,,,
Build Your Own Mediterranean Bowl,Standard,6.10,,DBG00000151,,Build Your Own Mediterranean Bowl,Med Bowl,Build Your Own Mediterranean Bowl,,true,false,,,Plated Entree;,,,,
Build Your Own Moroccan Bowl,Standard,6.10,,DBG00000320,,Build Your Own Moroccan Bowl,Moroccan Bowl,Build Your Own Moroccan Bowl,,true,false,,,Plated Entree;,,,,
Build-Your-Own BBQ Bowl,Standard,6.10,,DBG00000152,,Build-Your-Own BBQ Bowl,BBQ Bwl,Build-Your-Own BBQ Bowl,,true,false,,,Plated Entree;,,,,
Build-Your-Own Cuban Plate,Standard,6.10,,DBG00000153,,Build-Your-Own Cuban Plate,Cuban Bowl,Build-Your-Own Cuban Plate,,true,false,,,Plated Entree;,,,,
Build-Your-Own Sushi Bowl,Standard,7.10,,DBG00000154,,Build-Your-Own Sushi Bowl,Sushi Bowl,Build-Your-Own Sushi Bowl,,true,false,,,Plated Entree;,,,,
Burrito Bowl or Burrito,Standard,6.10,,DBG00000155,,Burrito Bowl or Burrito,Burr Bowl,Burrito Bowl or Burrito,,true,false,,,Plated Entree;,,,,
Cajun Cheeseburger Combo,Standard,6.50,,DBG00000156,,Cajun Cheeseburger Combo,CajunChzbrgCmb,Cajun Cheeseburger Combo,,true,false,,,Plated Entree;,,,,
Cajun Cheeseburgers,Standard,4.75,,DBG00000022,,Cajun Cheeseburgers,Cjn Chs brg,Cajun Cheeseburgers,,true,false,,,Plated Entree;,,,,
Cajun Chicken Alfredo Combo,Standard,6.10,,DBG00000157,,Cajun Chicken Alfredo Combo,CajunChickAlCmb,Cajun Chicken Alfredo Combo,,true,false,,,Plated Entree;,,,,
Cajun Chicken Fettuccine Alfredo,Standard,5.05,,DBG00000024,,Cajun Chicken Fettuccine Alfredo,Cjn Chk Ftt Al,Cajun Chicken Fettuccine Alfredo,,true,false,,,Plated Entree;,,,,
Cajun Pulled Pork Sandwich,Standard,4.75,,DBG00000026,,Cajun Pulled Pork Sandwich,Cjn PldPork Snd,Cajun Pulled Pork Sandwich,,true,false,,,Plated Entree;,,,,
Cajun Pulled Pork Sandwich Combo,Standard,6.50,,DBG00000158,,Cajun Pulled Pork Sandwich Combo,CjnPldPrkSndCmb,Cajun Pulled Pork Sandwich Combo,,true,false,,,Plated Entree;,,,,
Cajun Shrimp Alfredo Sauce,Standard,5.05,,DBG00000321,,Cajun Shrimp Alfredo Sauce,CjnShrmpAlfrdSc,Cajun Shrimp Alfredo Sauce,,true,false,,,Plated Entree;,,,,
Caprese Pesto Sandwich Combo,Standard,6.50,,DBG00000159,,Caprese Pesto Sandwich Combo,CprsPstSandCmb,Caprese Pesto Sandwich Combo,,true,false,,,Plated Entree;,,,,
Carnival Corn Dogs,Standard,4.75,,DBG00000322,,Carnival Corn Dogs,CrnvlCornDogs,Carnival Corn Dogs,,true,false,,,Plated Entree;,,,,
Cheddar-Topped Shepherd's Pie,Standard,5.05,,DBG00000323,,Cheddar-Topped Shepherd's Pie,ChddrTppdShphrd,Cheddar-Topped Shepherd's Pie,,true,false,,,Plated Entree;,,,,
Cheese and Broccoli Quinoa,Standard,5.05,,DBG00000030,,Cheese and Broccoli Quinoa,Chz Broc Quinoa,Cheese and Broccoli Quinoa,,true,false,,,Plated Entree;,,,,
Cheese Pizza,Standard,3.00,,"DBG00000032,DBG00000324",,Cheese Pizza,Chz Pzza,Cheese Pizza,,true,false,,,Plated Entree;,,,,
Cheese Pizza Combo,Standard,5.50,,"DBG00000160,DBG00000325",,Cheese Pizza Combo,Chz Pizza Cmb,Cheese Pizza Combo,,true,false,,,Plated Entree;,,,,
Cheeseburger Combo,Standard,6.50,,DBG00000161,,Cheeseburger Combo,Chzbrg Cmb,Cheeseburger Combo,,true,false,,,Plated Entree;,,,,
Cheeseburgers,Standard,4.75,,DBG00000034,,Cheeseburgers,Cheeseburgers,Cheeseburgers,,true,false,,,Plated Entree;,,,,
Chicken and Sausage Jambalaya,Standard,5.05,,DBG00000036,,Chicken and Sausage Jambalaya,Jambalaya,Chicken and Sausage Jambalaya,,true,false,,,Plated Entree;,,,,
Chicken and Waffle Sandwich Combo,Standard,6.50,,DBG00000163,,Chicken and Waffle Sandwich Combo,ChkWfflSandCmb,Chicken and Waffle Sandwich Combo,,true,false,,,Plated Entree;,,,,
Chicken and Waffle Sandwich with Sriracha Honey,Standard,4.75,,DBG00000037,,Chicken and Waffle Sandwich with Sriracha Honey,ChkWfflSandSrrc,Chicken and Waffle Sandwich with Sriracha Honey,,true,false,,,Plated Entree;,,,,
Chicken Bacon Ranch Pizza Combo,Standard,6.50,,DBG00000164,,Chicken Bacon Ranch Pizza Combo,ChkBcnRnchPzzCm,Chicken Bacon Ranch Pizza Combo,,true,false,,,Plated Entree;,,,,
Chicken Bacon Ranch Sandwich Combo,Standard,6.25,,DBG00000326,,Chicken Bacon Ranch Sandwich Combo,ChkBcnRnchSandC,Chicken Bacon Ranch Sandwich Combo,,true,false,,,Plated Entree;,,,,
Chicken Bites,Standard,4.75,,DBG00000038,,Chicken Bites,Chick Bites,Chicken Bites,,true,false,,,Plated Entree;,,,,
Chicken Bites Combo,Standard,6.50,,DBG00000165,,Chicken Bites Combo,Chick Bites Cmb,Chicken Bites Combo,,true,false,,,Plated Entree;,,,,
Chicken Club Combo,Standard,6.50,,DBG00000327,,Chicken Club Combo,Chick Club Cmb,Chicken Club Combo,,true,false,,,Plated Entree;,,,,
Chicken Enchilada Combo,Standard,6.10,,DBG00000328,,Chicken Enchilada Combo,ChkEnchiladaCmb,Chicken Enchilada Combo,,true,false,,,Plated Entree;,,,,
Chicken Fricassee,Standard,5.05,,DBG00000329,,Chicken Fricassee,Chick Fricassee,Chicken Fricassee,,true,false,,,Plated Entree;,,,,
Chicken Nugget Combo,Standard,6.50,,DBG00000166,,Chicken Nugget Combo,Chk Nugget Cmb,Chicken Nugget Combo,,true,false,,,Plated Entree;,,,,
Chicken Nuggets,Standard,4.75,,DBG00000040,,Chicken Nuggets,Chick Nuggets,Chicken Nuggets,,true,false,,,Plated Entree;,,,,
Chicken Nuggets Combo,Standard,6.50,,DBG00000330,,Chicken Nuggets Combo,Chk Nuggets Cmb,Chicken Nuggets Combo,,true,false,,,Plated Entree;,,,,
Chicken Parm,Standard,5.05,,DBG00000041,,Chicken Parm,Chick Parm,Chicken Parm,,true,false,,,Plated Entree;,,,,
Chicken Parm Combo,Standard,6.10,,DBG00000167,,Chicken Parm Combo,Chick Parm Cmb,Chicken Parm Combo,,true,false,,,Plated Entree;,,,,
Chicken Pot Pie,Standard,5.05,,DBG00000331,,Chicken Pot Pie,Chick Pot Pie,Chicken Pot Pie,,true,false,,,Plated Entree;,,,,
Chicken Salad Bento Box,Standard,5.75,,DBG00000042,,Chicken Salad Bento Box,ChkSldBntBox,Chicken Salad Bento Box,,true,false,,,Plated Entree;,,,,
Chicken Tenders,Standard,4.75,,DBG00000048,,Chicken Tenders,Chick Tenders,Chicken Tenders,,true,false,,,Plated Entree;,,,,
Chicken Teriyaki Combo,Standard,6.05,,DBG00000332,,Chicken Teriyaki Combo,Chick Nood Cmb,Chicken Teriyaki Combo,,true,false,,,Plated Entree;,,,,
"Chicken, Bacon, and Ranch Pizza",Standard,4.75,,DBG00000049,,"Chicken, Bacon, and Ranch Pizza",ChkBcnRanchPzza,"Chicken, Bacon, and Ranch Pizza",,true,false,,,Plated Entree;,,,,
Corn Dog Combo,Standard,6.50,,DBG00000333,,Corn Dog Combo,Corn Dog Cmb,Corn Dog Combo,,true,false,,,Plated Entree;,,,,
Creamy Marinara,Standard,5.05,,DBG00000334,,Creamy Marinara,Crm Marinara,Creamy Marinara,,true,false,,,Plated Entree;,,,,
Crossroads Combo,Standard,6.50,,DBG00000335,,Crossroads Combo,Crossroads Cmb,Crossroads Combo,,true,false,,,Plated Entree;,,,,
Cubano,Standard,4.75,,DBG00000336,,Cubano,Cubano,Cubano,,true,false,,,Plated Entree;,,,,
Cubano Combo,Standard,6.50,,DBG00000337,,Cubano Combo,Cubano Cmb,Cubano Combo,,true,false,,,Plated Entree;,,,,
Eggplant Parmesan,Standard,5.05,,DBG00000061,,Eggplant Parmesan,EggplnPrmsn,Eggplant Parmesan,,true,false,,,Plated Entree;,,,,
Fajita Bar,Standard,6.10,,DBG00000338,,Fajita Bar,Fajita Bar,Fajita Bar,,true,false,,,Plated Entree;,,,,
Free Style Protein Pack,Standard,5.75,,DBG00000168,,Free Style Protein Pack,FS Pro Pack,Free Style Protein Pack,,true,false,,,Plated Entree;,,,,
Fried Chicken Sandwich,Standard,4.75,,DBG00000064,,Fried Chicken Sandwich,Fried Chk Sand,Fried Chicken Sandwich,,true,false,,,Plated Entree;,,,,
Fried Chicken Sandwich Combo,Standard,6.50,,DBG00000171,,Fried Chicken Sandwich Combo,FriedChkSandCmb,Fried Chicken Sandwich Combo,,true,false,,,Plated Entree;,,,,
Fried Mozzarella Sticks,Standard,4.75,,DBG00000339,,Fried Mozzarella Sticks,FriedMozzSticks,Fried Mozzarella Sticks,,true,false,,,Plated Entree;,,,,
Fried Rice Take Out Combo,Standard,6.50,,DBG00000340,,Fried Rice Take Out Combo,FrdRiceTakeOutC,Fried Rice Take Out Combo,,true,false,,,Plated Entree;,,,,
Green Chile and Chipotle Chicken En,Standard,5.05,,DBG00000341,,Green Chile and Chipotle Chicken En,GrnChlChpChkEn,Green Chile and Chipotle Chicken En,,true,false,,,Plated Entree;,,,,
Grilled Cheese Combo,Standard,6.50,,DBG00000173,,Grilled Cheese Combo,Grld Chz Cmb,Grilled Cheese Combo,,true,false,,,Plated Entree;,,,,
Grilled Cheese on Texas Toast,Standard,4.75,,DBG00000069,,Grilled Cheese on Texas Toast,GrldChz Txt,Grilled Cheese on Texas Toast,,true,false,,,Plated Entree;,,,,
Grilled Hamburger Combo,Standard,6.50,,DBG00000342,,Grilled Hamburger Combo,Grld Burger Cmb,Grilled Hamburger Combo,,true,false,,,Plated Entree;,,,,
Grilled Hamburgers with Bun,Standard,4.75,,"DBG00000070,DBG00000343",,Grilled Hamburgers with Bun,Grld Hmbrgr,Grilled Hamburgers with Bun,,true,false,,,Plated Entree;,,,,
Hamburger Combo,Standard,6.50,,DBG00000176,,Hamburger Combo,Burger Cmb,Hamburger Combo,,true,false,,,Plated Entree;,,,,
Honey BBQ Chicken Wrap,Standard,4.75,,DBG00000079,,Honey BBQ Chicken Wrap,HonBbqChkWrap,Honey BBQ Chicken Wrap,,true,false,,,Plated Entree;,,,,
Honey BBQ Chicken Wrap Combo,Standard,6.50,,DBG00000177,,Honey BBQ Chicken Wrap Combo,HnyBbqChkWrapCm,Honey BBQ Chicken Wrap Combo,,true,false,,,Plated Entree;,,,,
Hot Ramen Bar,Standard,6.10,,DBG00000344,,Hot Ramen Bar,Ramen Bar Bar,Hot Ramen Bar,,true,false,,,Plated Entree;,,,,
House-Made Pesto Cream Sauce,Standard,5.05,,DBG00000345,,House-Made Pesto Cream Sauce,HsMadePstCrmSc,House-Made Pesto Cream Sauce,,true,false,,,Plated Entree;,,,,
House-Roasted Pulled Pork,Standard,5.05,,DBG00000087,,House-Roasted Pulled Pork,HRoastPullPork,House-Roasted Pulled Pork,,true,false,,,Plated Entree;,,,,
House-Roasted Turkey,Standard,5.05,,DBG00000346,,House-Roasted Turkey,House Ro Turkey,House-Roasted Turkey,,true,false,,,Plated Entree;,,,,
Jambalaya Combo,Standard,6.10,,DBG00000178,,Jambalaya Combo,Jambalaya Cmb,Jambalaya Combo,,true,false,,,Plated Entree;,,,,
Loaded BBQ Nachos,Standard,6.50,,DBG00000347,,Loaded BBQ Nachos,L Bbq Nachos,Loaded BBQ Nachos,,true,false,,,Plated Entree;,,,,
Loaded Mac & Cheese Bar,Standard,6.10,,DBG00000179,,Loaded Mac & Cheese Bar,L Mac & Chz Bar,Loaded Mac & Cheese Bar,,true,false,,,Plated Entree;,,,,
Loaded Mac and Cheese Bar,Standard,6.50,,DBG00000348,,Loaded Mac and Cheese Bar,L Mac Chz Bar,Loaded Mac and Cheese Bar,,true,false,,,Plated Entree;,,,,
Mac & Cheese,Standard,5.05,,DBG00000095,,Mac & Cheese,Mac Chz,Mac & Cheese,,true,false,,,Plated Entree;,,,,
Mac and Cheese Pizza Combo,Standard,6.50,,DBG00000349,,Mac and Cheese Pizza Combo,MC Pizza Cmb,Mac and Cheese Pizza Combo,,true,false,,,Plated Entree;,,,,
Macaroni and Cheese Pizza,Standard,4.75,,DBG00000350,,Macaroni and Cheese Pizza,Mac Chz Pizza,Macaroni and Cheese Pizza,,true,false,,,Plated Entree;,,,,
Main Ingredient Combo,Standard,6.10,,DBG00000351,,Main Ingredient Combo,MainIngrdnCmb,Main Ingredient Combo,,true,false,,,Plated Entree;,,,,
Meat Sauce,Standard,5.05,,DBG00000352,,Meat Sauce,Meat Sauce,Meat Sauce,,true,false,,,Plated Entree;,,,,
Meatball Sub,Standard,4.75,,DBG00000353,,Meatball Sub,Meatball Sub,Meatball Sub,,true,false,,,Plated Entree;,,,,
Meatball Sub Combo,Standard,6.50,,DBG00000354,,Meatball Sub Combo,MeatballSubCmb,Meatball Sub Combo,,true,false,,,Plated Entree;,,,,
Meatballs with Marinara,Standard,5.05,,DBG00000355,,Meatballs with Marinara,MtbllsMrnr,Meatballs with Marinara,,true,false,,,Plated Entree;,,,,
Mexican Chicken Quesadillas,Standard,4.75,,DBG00000097,,Mexican Chicken Quesadillas,MxChkQuedillas,Mexican Chicken Quesadillas,,true,false,,,Plated Entree;,,,,
Mexican Street Corn Chicken Bowl,Standard,6.10,,DBG00000180,,Mexican Street Corn Chicken Bowl,MxStCornChkBwl,Mexican Street Corn Chicken Bowl,,true,false,,,Plated Entree;,,,,
Mozzarella Sticks with Marinara Sauce,Standard,4.50,,DBG00000356,,Mozzarella Sticks with Marinara Sauce,MozzStcksMrnrSc,Mozzarella Sticks with Marinara Sauce,,true,false,,,Plated Entree;,,,,
Mushroom Pot Pie,Standard,5.05,,DBG00000357,,Mushroom Pot Pie,MushroomPotPie,Mushroom Pot Pie,,true,false,,,Plated Entree;,,,,
Nacho Bar,Standard,6.10,,DBG00000358,,Nacho Bar,Nacho Bar,Nacho Bar,,true,false,,,Plated Entree;,,,,
Nashville Hot Chicken Sandwich,Standard,4.75,,DBG00000359,,Nashville Hot Chicken Sandwich,NshvHotSndSand,Nashville Hot Chicken Sandwich,,true,false,,,Plated Entree;,,,,
Nashville Hot Chicken Sandwich Combo,Standard,6.50,,DBG00000360,,Nashville Hot Chicken Sandwich Combo,NshvllHotChkSan,Nashville Hot Chicken Sandwich Combo,,true,false,,,Plated Entree;,,,,
Papri Chaat Bar,Standard,6.10,,DBG00000361,,Papri Chaat Bar,Papri Chaat Bar,Papri Chaat Bar,,true,false,,,Plated Entree;,,,,
Pasta Combo,Standard,6.10,,DBG00000181,,Pasta Combo,Pasta Cmb,Pasta Combo,,true,false,,,Plated Entree;,,,,
Pasta with Marinara,Standard,5.05,,"DBG00000362,DBG00000103",,Pasta with Marinara,Pasta Marinara,Pasta with Marinara,,true,false,,,Plated Entree;,,,,
Pepperoni Pizza,Standard,3.50,,DBG00000105,,Pepperoni Pizza,Pep Pzza,Pepperoni Pizza,,true,false,,,Plated Entree;,,,,
Pepperoni Pizza Combo,Standard,6.25,,DBG00000182,,Pepperoni Pizza Combo,Pep Pizza Cmb,Pepperoni Pizza Combo,,true,false,,,Plated Entree;,,,,
Pepperoni Pizza Pretzels,Standard,4.75,,DBG00000363,,Pepperoni Pizza Pretzels,PepPzzaPretzels,Pepperoni Pizza Pretzels,,true,false,,,Plated Entree;,,,,
Pesto Pasta Alfredo,Standard,5.05,,DBG00000108,,Pesto Pasta Alfredo,Pesto Pasta Al,Pesto Pasta Alfredo,,true,false,,,Plated Entree;,,,,
Pho Bar,Standard,6.10,,DBG00000364,,Pho Bar,Pho Bar,Pho Bar,,true,false,,,Plated Entree;,,,,
Polynesian Bowl,Standard,6.10,,DBG00000365,,Polynesian Bowl,Polynesian Bowl,Polynesian Bowl,,true,false,,,Plated Entree;,,,,
Popcorn Shrimp,Standard,6.10,,DBG00000366,,Popcorn Shrimp,Popcorn Shrimp,Popcorn Shrimp,,true,false,,,Plated Entree;,,,,
Pork and Mac Combo,Standard,6.10,,DBG00000367,,Pork and Mac Combo,Pork Mac Cmb,Pork and Mac Combo,,true,false,,,Plated Entree;,,,,
Pot Pie Combo,Standard,6.10,,DBG00000368,,Pot Pie Combo,Pot Pie Cmb,Pot Pie Combo,,true,false,,,Plated Entree;,,,,
Pot Roast,Standard,5.05,,DBG00000369,,Pot Roast,Pot Roast,Pot Roast,,true,false,,,Plated Entree;,,,,
Pot Roast Combo,Standard,6.10,,DBG00000370,,Pot Roast Combo,Pot Roast Cmb,Pot Roast Combo,,true,false,,,Plated Entree;,,,,
Quinoa with Chickpeas and Tomatoes,Standard,5.05,,DBG00000371,,Quinoa with Chickpeas and Tomatoes,QuinChckpTmts,Quinoa with Chickpeas and Tomatoes,,true,false,,,Plated Entree;,,,,
Quinoa with Mushrooms,Standard,5.05,,DBG00000372,,Quinoa with Mushrooms,QuinoaMushrooms,Quinoa with Mushrooms,,true,false,,,Plated Entree;,,,,
Red & White Pasta Bar,Standard,6.10,,DBG00000185,,Red & White Pasta Bar,RedWhtPstBar,Red & White Pasta Bar,,true,false,,,Plated Entree;,,,,
Red Beans and Rice,Standard,5.05,,DBG00000111,,Red Beans and Rice,Red Beans Rice,Red Beans and Rice,,true,false,,,Plated Entree;,,,,
Red Beans Combo,Standard,6.10,,DBG00000186,,Red Beans Combo,Red Beans Cmb,Red Beans Combo,,true,false,,,Plated Entree;,,,,
Roast Beef Poboy Combo,Standard,6.50,,DBG00000373,,Roast Beef Poboy Combo,RstBeefPbyCmb,Roast Beef Poboy Combo,,true,false,,,Plated Entree;,,,,
Salad with Chicken Combo,Standard,6.25,,DBG00000187,,Salad with Chicken Combo,Salad Chick Cmb,Salad with Chicken Combo,,true,false,,,Plated Entree;,,,,
Seasoned Hamburger Combo,Standard,6.50,,DBG00000374,,Seasoned Hamburger Combo,SsndBrgrCmb,Seasoned Hamburger Combo,,true,false,,,Plated Entree;,,,,
Seasoned Hamburgers,Standard,4.75,,DBG00000375,,Seasoned Hamburgers,Seasoned Hmbrgr,Seasoned Hamburgers,,true,false,,,Plated Entree;,,,,
Shepherd's Pie Combo,Standard,6.10,,DBG00000376,,Shepherd's Pie Combo,ShepherdSPieCmb,Shepherd's Pie Combo,,true,false,,,Plated Entree;,,,,
Shrimp Alfredo Combo,Standard,7.10,,DBG00000377,,Shrimp Alfredo Combo,Shrimp Al Cmb,Shrimp Alfredo Combo,,true,false,,,Plated Entree;,,,,
Shrimp and Bacon with Pesto-Alfredo Sauce,Standard,6.05,,DBG00000121,,Shrimp and Bacon with Pesto-Alfredo Sauce,ShrmpBcnPstAlfr,Shrimp and Bacon with Pesto-Alfredo Sauce,,true,false,,,Plated Entree;,,,,
SJA Loaded Mashed Bar,Standard,6.10,,DBG00000378,,SJA Loaded Mashed Bar,SjaLMashedBar,SJA Loaded Mashed Bar,,true,false,,,Plated Entree;,,,,
Spicy Tofu and Broccoli Stir-Fry (GF),Standard,5.05,,DBG00000124,,Spicy Tofu and Broccoli Stir-Fry (GF),SpcyTofuBrcclSt,Spicy Tofu and Broccoli Stir-Fry (GF),,true,false,,,Plated Entree;,,,,
Stickers Ravioli Bar,Standard,6.05,,DBG00000379,,Stickers Ravioli Bar,StckrsRvlBar,Stickers Ravioli Bar,,true,false,,,Plated Entree;,,,,
Street Corn Chicken Bowl Combo,Standard,6.10,,DBG00000380,,Street Corn Chicken Bowl Combo,StrtCornChkBowl,Street Corn Chicken Bowl Combo,,true,false,,,Plated Entree;,,,,
STUCO Frochos,Standard,6.50,,DBG00000381,,STUCO Frochos,Stuco Frochos,STUCO Frochos,,true,false,,,Plated Entree;,,,,
Sweet & Sour Tofu,Standard,3.50,,DBG00000134,,Sweet & Sour Tofu,SS Tofu,Sweet & Sour Tofu,,true,false,,,Plated Entree;,,,,
Sweet and Sour Chicken,Standard,5.05,,"DBG00000135,DBG00000382",,Sweet and Sour Chicken,SS Chick,Sweet and Sour Chicken,,true,false,,,Plated Entree;,,,,
Sweet and Sour Chicken Combo,Standard,6.10,,DBG00000191,,Sweet and Sour Chicken Combo,SS Chick Cmb,Sweet and Sour Chicken Combo,,true,false,,,Plated Entree;,,,,
Taco Bowl or Taco Salad,Standard,6.10,,DBG00000383,,Taco Bowl or Taco Salad,Taco Bowl,Taco Bowl or Taco Salad,,true,false,,,Plated Entree;,,,,
Tacos or Taco Bowls!,Standard,6.10,,DBG00000192,,Tacos or Taco Bowls!,Taco Bwl,Tacos or Taco Bowls!,,true,false,,,Plated Entree;,,,,
Tenders and Tots Combo,Standard,6.50,,DBG00000193,,Tenders and Tots Combo,TendersTotsCmb,Tenders and Tots Combo,,true,false,,,Plated Entree;,,,,
Teriyaki Tori Niku (Authentic Chicken Teriyaki),Standard,5.05,,DBG00000138,,Teriyaki Tori Niku (Authentic Chicken Teriyaki),Teri Chick,Teriyaki Tori Niku (Authentic Chicken Teriyaki),,true,false,,,Plated Entree;,,,,
Three-Cheese Broccoli and Rice Casserole,Standard,5.05,,DBG00000384,,Three-Cheese Broccoli and Rice Casserole,ThrChzBrcclRice,Three-Cheese Broccoli and Rice Casserole,,true,false,,,Plated Entree;,,,,
Tomato and Cheese Quiche,Standard,5.05,,DBG00000385,,Tomato and Cheese Quiche,Tom Chz Quiche,Tomato and Cheese Quiche,,true,false,,,Plated Entree;,,,,
Tortellini Pasta Bar,Standard,6.10,,DBG00000386,,Tortellini Pasta Bar,TrtllnPstBar,Tortellini Pasta Bar,,true,false,,,Plated Entree;,,,,
Tossed To Order Caesar Salad Bar,Standard,6.10,,DBG00000203,,Tossed To Order Caesar Salad Bar,Toss CaeSal Bar,Tossed To Order Caesar Salad Bar,,true,false,,,Plated Entree;,,,,
Totchos,Standard,6.50,,DBG00000387,,Totchos,Totchos,Totchos,,true,false,,,Plated Entree;,,,,
Vegetarian Red Beans and Rice,Standard,5.05,,DBG00000143,,Vegetarian Red Beans and Rice,VegRedBeansRice,Vegetarian Red Beans and Rice,,true,false,,,Plated Entree;,,,,
Vegetarian Shepherd's Pie,Standard,5.05,,DBG00000388,,Vegetarian Shepherd's Pie,VegShepherdSPie,Vegetarian Shepherd's Pie,,true,false,,,Plated Entree;,,,,
Welcome Week Lunch,Standard,7.00,,DBG00000389,,Welcome Week Lunch,WlcmWeekLnch,Welcome Week Lunch,,true,false,,,Plated Entree;,,,,
Cajun Fries,Standard,2.70,,DBG00000025,,Cajun Fries,Cajun Fries,Cajun Fries,,true,false,,,Plated Sides;,,,,
Cajun-Roasted Cabbage,Standard,2.70,,DBG00000027,,Cajun-Roasted Cabbage,CajunRoCabbage,Cajun-Roasted Cabbage,,true,false,,,Plated Sides;,,,,
Cajun-Roasted Corn,Standard,2.70,,DBG00000390,,Cajun-Roasted Corn,Cajun Ro Corn,Cajun-Roasted Corn,,true,false,,,Plated Sides;,,,,
Cilantro-Lime Rice,Standard,2.70,,DBG00000391,,Cilantro-Lime Rice,ClntrLimeRice,Cilantro-Lime Rice,,true,false,,,Plated Sides;,,,,
Cinnamon-Sugar Soft Pretzels,Standard,3.50,,DBG00000392,,Cinnamon-Sugar Soft Pretzels,CinSgrSoftPrtzl,Cinnamon-Sugar Soft Pretzels,,true,false,,,Plated Sides;,,,,
Curly Fries,Standard,2.70,,DBG00000057,,Curly Fries,Curly Fries,Curly Fries,,true,false,,,Plated Sides;,,,,
French Fries,Standard,2.70,,DBG00000062,,French Fries,French Fries,French Fries,,true,false,,,Plated Sides;,,,,
Garlic-Roasted Carrots,Standard,2.70,,DBG00000393,,Garlic-Roasted Carrots,GarlicRoCarrots,Garlic-Roasted Carrots,,true,false,,,Plated Sides;,,,,
House-Made Guacamole,Standard,0.80,,DBG00000086,,House-Made Guacamole,HM Guacamole,House-Made Guacamole,,true,false,,,Plated Sides;,,,,
HouseandFried Tortilla Chips,Standard,2.70,,DBG00000394,,HouseandFried Tortilla Chips,HFriTortChip,HouseandFried Tortilla Chips,,true,false,,,Plated Sides;,,,,
Italian Herb-Roasted Tomatoes,Standard,2.70,,DBG00000090,,Italian Herb-Roasted Tomatoes,IT Ro Tom,Italian Herb-Roasted Tomatoes,,true,false,,,Plated Sides;,,,,
Linguine,Standard,2.70,,DBG00000093,,Linguine,Linguine,Linguine,,true,false,,,Plated Sides;,,,,
Mac & Cheese Side,Standard,2.70,,DBG00000395,,Mac & Cheese Side,Mac Chz Side,Mac & Cheese Side,,true,false,,,Plated Sides;,,,,
Mashed Potatoes,Standard,2.70,,DBG00000396,,Mashed Potatoes,Mashed Potatoes,Mashed Potatoes,,true,false,,,Plated Sides;,,,,
Pasta,Standard,2.70,,DBG00000397,,Pasta,Pasta,Pasta,,true,false,,,Plated Sides;,,,,
Penne,Standard,2.70,,DBG00000104,,Penne,Penne,Penne,,true,false,,,Plated Sides;,,,,
Pork Egg Rolls,Standard,2.00,,DBG00000109,,Pork Egg Rolls,Pork Egg Rolls,Pork Egg Rolls,,true,false,,,Plated Sides;,,,,
Roasted Brussels Sprouts,Standard,2.70,,DBG00000398,,Roasted Brussels Sprouts,RstdBrsslsSprts,Roasted Brussels Sprouts,,true,false,,,Plated Sides;,,,,
Roasted Carrots and Shallots with T,Standard,2.70,,DBG00000399,,Roasted Carrots and Shallots with T,RstdCartsShalts,Roasted Carrots and Shallots with T,,true,false,,,Plated Sides;,,,,
Roasted Cherry Tomatoes,Standard,2.70,,DBG00000400,,Roasted Cherry Tomatoes,Ro Chr Tomatoes,Roasted Cherry Tomatoes,,true,false,,,Plated Sides;,,,,
Roasted Summer Squash,Standard,2.70,,DBG00000112,,Roasted Summer Squash,RoSummerSquash,Roasted Summer Squash,,true,false,,,Plated Sides;,,,,
Roasted Tomatoes,Standard,2.7,,DBG00000113,,Roasted Tomatoes,Ro Tomatoes,Roasted Tomatoes,,true,false,,,Plated Sides;,,,,
Sautéed Summer Squash with Tomatoes,Standard,2.70,,DBG00000117,,Sautéed Summer Squash with Tomatoes,StSmmrSqshTom,Sautéed Summer Squash with Tomatoes,,true,false,,,Plated Sides;,,,,
Seasoned White Beans,Standard,2.70,,DBG00000119,,Seasoned White Beans,SsnWhtBns,Seasoned White Beans,,true,false,,,Plated Sides;,,,,
Sesame Fried Rice,Standard,2.70,,DBG00000120,,Sesame Fried Rice,SesameFriedRice,Sesame Fried Rice,,true,false,,,Plated Sides;,,,,
Shoestring Fries,Standard,2.70,,DBG00000401,,Shoestring Fries,ShoestringFries,Shoestring Fries,,true,false,,,Plated Sides;,,,,
Soft Pretzel Bar,Standard,4.75,,DBG00000402,,Soft Pretzel Bar,SoftPretzelBar,Soft Pretzel Bar,,true,false,,,Plated Sides;,,,,
Southwestern Red Beans and Rice,Standard,2.70,,DBG00000403,,Southwestern Red Beans and Rice,SthwstRedBnsRic,Southwestern Red Beans and Rice,,true,false,,,Plated Sides;,,,,
Steamed Broccoli,Standard,2.70,,DBG00000125,,Steamed Broccoli,St Broc,Steamed Broccoli,,true,false,,,Plated Sides;,,,,
Steamed Broccoli and Cauliflower,Standard,2.70,,DBG00000404,,Steamed Broccoli and Cauliflower,StmdBrcclClflwr,Steamed Broccoli and Cauliflower,,true,false,,,Plated Sides;,,,,
Steamed Corn,Standard,2.70,,DBG00000405,,Steamed Corn,St Corn,Steamed Corn,,true,false,,,Plated Sides;,,,,
Steamed Edamame,Standard,2.70,,DBG00000126,,Steamed Edamame,St Edamame,Steamed Edamame,,true,false,,,Plated Sides;,,,,
Steamed Green Beans,Standard,2.70,,DBG00000127,,Steamed Green Beans,St Green Beans,Steamed Green Beans,,true,false,,,Plated Sides;,,,,
Steamed White Rice,Standard,2.70,,DBG00000128,,Steamed White Rice,St White Rice,Steamed White Rice,,true,false,,,Plated Sides;,,,,
Stewed Okra and Tomatoes,Standard,2.70,,DBG00000129,,Stewed Okra and Tomatoes,StwdOkraTmts,Stewed Okra and Tomatoes,,true,false,,,Plated Sides;,,,,
Tater Tots,Standard,2.70,,DBG00000137,,Tater Tots,Tater Tots,Tater Tots,,true,false,,,Plated Sides;,,,,
Toppings,Standard,0.75,,DBG00000406,,Toppings,Toppings,Toppings,,true,false,,,Plated Sides;,,,,
Waffle Fries,Standard,2.70,,DBG00000145,,Waffle Fries,Waffle Fries,Waffle Fries,,true,false,,,Plated Sides;,,,,
Broccoli-Cheddar Soup,Standard,2.99,,"DBG00000020,DBG00000407",,Broccoli-Cheddar Soup,Broc Chd Soup,Broccoli-Cheddar Soup,,true,false,,,Rice Bowls;,,,,
Vegetarian Rice Bowl Bar,Standard,4.00,,DBG00000204,,Vegetarian Rice Bowl Bar,VegRiceBowlBar,Vegetarian Rice Bowl Bar,,true,false,,,Rice Bowls;,,,,
Bacon Corn Chowder,Standard,2.99,,DBG00000010,,Bacon Corn Chowder,BcnCornChowder,Bacon Corn Chowder,,true,false,,,Soups;,,,,
Beef Chili,Standard,2.99,,DBG00000408,,Beef Chili,Beef Chili,Beef Chili,,true,false,,,Soups;,,,,
Cajun Chicken and Sausage Gumbo,Standard,2.99,,DBG00000023,,Cajun Chicken and Sausage Gumbo,Gumbo,Cajun Chicken and Sausage Gumbo,,true,false,,,Soups;,,,,
Cheeseburger Soup,Standard,2.99,,DBG00000409,,Cheeseburger Soup,Chzbrg Soup,Cheeseburger Soup,,true,false,,,Soups;,,,,
Chicken and Rice Soup,Standard,2.99,,DBG00000035,,Chicken and Rice Soup,Chick Rice Soup,Chicken and Rice Soup,,true,false,,,Soups;,,,,
Chicken Noodle Soup,Standard,2.99,,DBG00000410,,Chicken Noodle Soup,Chick Sal Soup,Chicken Noodle Soup,,true,false,,,Soups;,,,,
Chicken Tortilla Soup (GF),Standard,2.99,,DBG00000411,,Chicken Tortilla Soup (GF),ChkTrtllSoupGf,Chicken Tortilla Soup (GF),,true,false,,,Soups;,,,,
Cream of Tomato Soup,Standard,2.99,,DBG00000055,,Cream of Tomato Soup,Cream Tom Soup,Cream of Tomato Soup,,true,false,,,Soups;,,,,
Creamy Tomato-Basil Soup,Standard,2.99,,DBG00000412,,Creamy Tomato-Basil Soup,CrmTomBaslSoup,Creamy Tomato-Basil Soup,,true,false,,,Soups;,,,,
Egg Drop Soup,Standard,2.99,,DBG00000060,,Egg Drop Soup,Egg Drop Soup,Egg Drop Soup,,true,false,,,Soups;,,,,
French Onion Soup,Standard,2.99,,DBG00000413,,French Onion Soup,FrenchOnionSoup,French Onion Soup,,true,false,,,Soups;,,,,
Italian Wedding Soup,Standard,2.99,,DBG00000091,,Italian Wedding Soup,IT Wed Soup,Italian Wedding Soup,,true,false,,,Soups;,,,,
Loaded Baked Potato Soup (GF),Standard,2.99,,DBG00000414,,Loaded Baked Potato Soup (GF),LodBkdPotSoup,Loaded Baked Potato Soup (GF),,true,false,,,Soups;,,,,
Tomato and Vegetable Soup,Standard,2.99,,DBG00000139,,Tomato and Vegetable Soup,Tom Veg Soup,Tomato and Vegetable Soup,,true,false,,,Soups;,,,,
Turkey Noodle Soup,Standard,2.99,,DBG00000415,,Turkey Noodle Soup,Turk Nood Soup,Turkey Noodle Soup,,true,false,,,Soups;,,,,
Vegetable Egg Drop Soup,Standard,2.99,,DBG00000416,,Vegetable Egg Drop Soup,VegEggDropSoup,Vegetable Egg Drop Soup,,true,false,,,Soups;,,,,
White Bean Chicken Chili,Standard,2.99,,DBG00000417,,White Bean Chicken Chili,WhtBeanChkChl,White Bean Chicken Chili,,true,false,,,Soups;,,,,
Bacon Turkey Ranch Wrap,Standard,3.25,,DBG00000011,,Bacon Turkey Ranch Wrap,BcnTrkyRnchWrap,Bacon Turkey Ranch Wrap,,true,false,,,Transit Entree;,,,,
Bang Bang Shrimp Wrap,Standard,4.25,,DBG00000418,,Bang Bang Shrimp Wrap,BangBangShrmpWr,Bang Bang Shrimp Wrap,,true,false,,,Transit Entree;,,,,
BBQ Chicken Tender and Cheddar Wrap,Standard,3.25,,DBG00000013,,BBQ Chicken Tender and Cheddar Wrap,BbqChkTndrChddr,BBQ Chicken Tender and Cheddar Wrap,,true,false,,,Transit Entree;,,,,
BLT Wrap,Standard,3.25,,DBG00000015,,BLT Wrap,Blt Wrap,BLT Wrap,,true,false,,,Transit Entree;,,,,
Buffalo Ranch Chicken Wrap,Standard,3.25,,DBG00000021,,Buffalo Ranch Chicken Wrap,BffRnch ChkWrap,Buffalo Ranch Chicken Wrap,,true,false,,,Transit Entree;,,,,
Buffalo Shrimp Wrap,Standard,4.25,,DBG00000419,,Buffalo Shrimp Wrap,BfflShrmpWrap,Buffalo Shrimp Wrap,,true,false,,,Transit Entree;,,,,
Caesar Salad,Standard,4.50,,DBG00000420,,Caesar Salad,Caesar Salad,Caesar Salad,,true,false,,,Transit Entree;,,,,
California Roll Sushi Cup,Standard,4.75,,DBG00000421,,California Roll Sushi Cup,ClfrnRollSshCup,California Roll Sushi Cup,,true,false,,,Transit Entree;,,,,
Caprese Pesto Sandwich,Standard,4.50,,DBG00000028,,Caprese Pesto Sandwich,CprsPstSand,Caprese Pesto Sandwich,,true,false,,,Transit Entree;,,,,
Caprese Sandwich on Ciabatta,Standard,4.50,,DBG00000422,,Caprese Sandwich on Ciabatta,CprsSandOnCbtt,Caprese Sandwich on Ciabatta,,true,false,,,Transit Entree;,,,,
"Cheese, Grapes, Cracker Pack",Standard,5.75,,DBG00000423,,"Cheese, Grapes, Cracker Pack",ChzGrpsCrckrPac,"Cheese, Grapes, Cracker Pack",,true,false,,,Transit Entree;,,,,
Chic Teri Salad,Standard,7.00,,DBG00000424,,Chic Teri Salad,Chic Teri Salad,Chic Teri Salad,,true,false,,,Transit Entree;,,,,
Chicken and Bacon Club on Pretzel R,Standard,4.50,,DBG00000425,,Chicken and Bacon Club on Pretzel R,ChkBcnClubOnPrt,Chicken and Bacon Club on Pretzel R,,true,false,,,Transit Entree;,,,,
Chicken Avocado Wrap,Standard,3.25,,DBG00000426,,Chicken Avocado Wrap,ChkAvoWrap,Chicken Avocado Wrap,,true,false,,,Transit Entree;,,,,
Chicken Bacon Ranch Sandwich,Standard,3.50,,DBG00000427,,Chicken Bacon Ranch Sandwich,SndBcnRanchSand,Chicken Bacon Ranch Sandwich,,true,false,,,Transit Entree;,,,,
Chicken Caesar Salad,Standard,6.50,,DBG00000428,,Chicken Caesar Salad,ChkCaesarSalad,Chicken Caesar Salad,,true,false,,,Transit Entree;,,,,
Chicken Caesar Wrap,Standard,3.25,,DBG00000039,,Chicken Caesar Wrap,Chk Caesar Wrap,Chicken Caesar Wrap,,true,false,,,Transit Entree;,,,,
Chicken Salad,Standard,4.00,,DBG00000429,,Chicken Salad,Chick Salad,Chicken Salad,,true,false,,,Transit Entree;,,,,
Chicken Salad on Brioche,Standard,4.50,,DBG00000043,,Chicken Salad on Brioche,Chk Sld Brch,Chicken Salad on Brioche,,true,false,,,Transit Entree;,,,,
Chicken Salad Sandwich,Standard,4.50,,DBG00000044,,Chicken Salad Sandwich,Chk Salad Sand,Chicken Salad Sandwich,,true,false,,,Transit Entree;,,,,
Chicken Salad Wrap,Standard,3.25,,DBG00000045,,Chicken Salad Wrap,Chk Salad Wrap,Chicken Salad Wrap,,true,false,,,Transit Entree;,,,,
Chicken Tender and Ranch Wrap,Standard,3.25,,DBG00000046,,Chicken Tender and Ranch Wrap,ChkTndrRnchWrap,Chicken Tender and Ranch Wrap,,true,false,,,Transit Entree;,,,,
Chicken Tender Caesar Wrap,Standard,3.25,,DBG00000047,,Chicken Tender Caesar Wrap,Chk Cae Wrap,Chicken Tender Caesar Wrap,,true,false,,,Transit Entree;,,,,
Chilled Spicy Dragon Noodle Salad,Standard,4.25,,DBG00000430,,Chilled Spicy Dragon Noodle Salad,ChlldSpcyDrgnNd,Chilled Spicy Dragon Noodle Salad,,true,false,,,Transit Entree;,,,,
Creamy Sriracha Cucumbers,Standard,4.00,,DBG00000431,,Creamy Sriracha Cucumbers,CrmySrrchCcmbrs,Creamy Sriracha Cucumbers,,true,false,,,Transit Entree;,,,,
FS Lent Hummus Pack,Standard,5.75,,DBG00000432,,FS Lent Hummus Pack,FsLentHmmsPack,FS Lent Hummus Pack,,true,false,,,Transit Entree;,,,,
Garden Salad,Standard,4.75,,DBG00000067,,Garden Salad,Garden Salad,Garden Salad,,true,false,,,Transit Entree;,,,,
Greek Cucumber Salad,Standard,4.00,,DBG00000433,,Greek Cucumber Salad,GrkCcmbrSld,Greek Cucumber Salad,,true,false,,,Transit Entree;,,,,
Guac & Chips Pack,Standard,4.00,,DBG00000434,,Guac & Chips Pack,Guac Chips Pack,Guac & Chips Pack,,true,false,,,Transit Entree;,,,,
Half Wrap Chips Combo,Standard,5.25,,DBG00000174,,Half Wrap Chips Combo,HalfWrapChpsCmb,Half Wrap Chips Combo,,true,false,,,Transit Entree;,,,,
Ham and Cheddar on Kaiser Roll,Standard,4.50,,DBG00000435,,Ham and Cheddar on Kaiser Roll,HamChddrOnKsrRo,Ham and Cheddar on Kaiser Roll,,true,false,,,Transit Entree;,,,,
Ham and Cheddar Sub,Standard,4.25,,DBG00000436,,Ham and Cheddar Sub,Ham Chd Sub,Ham and Cheddar Sub,,true,false,,,Transit Entree;,,,,
Ham and Cheese Croissant,Standard,4.50,,DBG00000072,,Ham and Cheese Croissant,Ham Chz Croi,Ham and Cheese Croissant,,true,false,,,Transit Entree;,,,,
Ham and Cheese Sandwich,Standard,4.50,,DBG00000073,,Ham and Cheese Sandwich,Ham Chz Sand,Ham and Cheese Sandwich,,true,false,,,Transit Entree;,,,,
Ham and Cheese Slider,Standard,4.50,,DBG00000074,,Ham and Cheese Slider,Ham Chz Slider,Ham and Cheese Slider,,true,false,,,Transit Entree;,,,,
Ham and Cheese Sub,Standard,4.50,,DBG00000075,,Ham and Cheese Sub,Ham Chz Sub,Ham and Cheese Sub,,true,false,,,Transit Entree;,,,,
Ham and Provolone Croissant,Standard,4.50,,DBG00000076,,Ham and Provolone Croissant,HP Croi,Ham and Provolone Croissant,,true,false,,,Transit Entree;,,,,
Ham and Swiss Pretzel Roll,Standard,4.50,,DBG00000077,,Ham and Swiss Pretzel Roll,HamSwssPrtzlRol,Ham and Swiss Pretzel Roll,,true,false,,,Transit Entree;,,,,
Ham and Swiss Wrap,Standard,3.25,,DBG00000078,,Ham and Swiss Wrap,Ham Swiss Wrap,Ham and Swiss Wrap,,true,false,,,Transit Entree;,,,,
"Hard Boiled Eggs, Cheese, Grapes, C",Standard,5.75,,DBG00000437,,"Hard Boiled Eggs, Cheese, Grapes, C",EggsChzGrapeBnt,"Hard Boiled Eggs, Cheese, Grapes, C",,true,false,,,Transit Entree;,,,,
Honey Mustard Chicken Tender Wrap,Standard,3.25,,"DBG00000081,DBG00000438",,Honey Mustard Chicken Tender Wrap,HonMstChkTenWrp,Honey Mustard Chicken Tender Wrap,,true,false,,,Transit Entree;,,,,
House-Roasted Turkey and Ham on Ciabatta,Standard,4.50,,DBG00000088,,House-Roasted Turkey and Ham on Ciabatta,HRTrkyHamCia,House-Roasted Turkey and Ham on Ciabatta,,true,false,,,Transit Entree;,,,,
Korean BBQ Beef Wrap,Standard,3.25,,DBG00000439,,Korean BBQ Beef Wrap,KrnBbqBeefWrap,Korean BBQ Beef Wrap,,true,false,,,Transit Entree;,,,,
"Pepperoni, Cheese, Grapes, and Crackers Pack",Standard,5.75,,DBG00000106,,"Pepperoni, Cheese, Grapes, and Crackers Pack",PepChzGrpsCrckr,"Pepperoni, Cheese, Grapes, and Crackers Pack",,true,false,,,Transit Entree;,,,,
Pesto Chicken Wrap,Standard,3.25,,DBG00000107,,Pesto Chicken Wrap,Pesto Chk Wrap,Pesto Chicken Wrap,,true,false,,,Transit Entree;,,,,
Pimento Cheese Sandwich,Standard,4.25,,DBG00000440,,Pimento Cheese Sandwich,PC Sand,Pimento Cheese Sandwich,,true,false,,,Transit Entree;,,,,
Protein Pack Combo,Standard,5.75,,DBG00000183,,Protein Pack Combo,Pro Pack Cmb,Protein Pack Combo,,true,false,,,Transit Entree;,,,,
Quick Pickled Cucumber Salad,Standard,4.00,,DBG00000441,,Quick Pickled Cucumber Salad,QckPckldCcmbrSl,Quick Pickled Cucumber Salad,,true,false,,,Transit Entree;,,,,
Ranch Chicken Tender Wrap,Standard,3.25,,DBG00000442,,Ranch Chicken Tender Wrap,RnchChkTndrWrap,Ranch Chicken Tender Wrap,,true,false,,,Transit Entree;,,,,
Remoulade Shrimp Wrap,Standard,4.25,,DBG00000443,,Remoulade Shrimp Wrap,RmldShrmpWrap,Remoulade Shrimp Wrap,,true,false,,,Transit Entree;,,,,
Sandwich Whole Fruit Combo,Standard,5.30,,DBG00000189,,Sandwich Whole Fruit Combo,SandWholeFrtCmb,Sandwich Whole Fruit Combo,,true,false,,,Transit Entree;,,,,
Sensation Cucumber Shakers,Standard,4.00,,DBG00000444,,Sensation Cucumber Shakers,SenCcmbrShkrs,Sensation Cucumber Shakers,,true,false,,,Transit Entree;,,,,
Sesame Cucumber Salad,Standard,4.00,,DBG00000445,,Sesame Cucumber Salad,SsmCcmbrSld,Sesame Cucumber Salad,,true,false,,,Transit Entree;,,,,
Shrimp Caesar Salad,Standard,7.50,,DBG00000446,,Shrimp Caesar Salad,ShrmpCsrSld,Shrimp Caesar Salad,,true,false,,,Transit Entree;,,,,
Snow Crab Salad with Honey Sriracha Mayo,Standard,4.50,,DBG00000447,,Snow Crab Salad with Honey Sriracha Mayo,SnowCrabSldHnyS,Snow Crab Salad with Honey Sriracha Mayo,,true,false,,,Transit Entree;,,,,
Spicy Shrimp Dragon Noodles,Standard,6.50,,DBG00000448,,Spicy Shrimp Dragon Noodles,SpcyShrmpDrgnNd,Spicy Shrimp Dragon Noodles,,true,false,,,Transit Entree;,,,,
Turkey and Cheddar Croissant,Standard,4.50,,DBG00000449,,Turkey and Cheddar Croissant,Turkey Chd Croi,Turkey and Cheddar Croissant,,true,false,,,Transit Entree;,,,,
Turkey and Cheddar Sub,Standard,4.50,,DBG00000450,,Turkey and Cheddar Sub,Turkey Chd Sub,Turkey and Cheddar Sub,,true,false,,,Transit Entree;,,,,
Turkey and Provolone Croissant,Standard,4.25,,DBG00000451,,Turkey and Provolone Croissant,TP Croi,Turkey and Provolone Croissant,,true,false,,,Transit Entree;,,,,
Turkey and Provolone Sandwich,Standard,4.50,,DBG00000141,,Turkey and Provolone Sandwich,TP Sand,Turkey and Provolone Sandwich,,true,false,,,Transit Entree;,,,,
Turkey and Swiss Pinwheel,Standard,4.50,,DBG00000452,,Turkey and Swiss Pinwheel,TrkySwssPnwhl,Turkey and Swiss Pinwheel,,true,false,,,Transit Entree;,,,,
Turkey and Swiss Sandwich,Standard,4.25,,DBG00000453,,Turkey and Swiss Sandwich,TurkeySwissSand,Turkey and Swiss Sandwich,,true,false,,,Transit Entree;,,,,
Turkey Club Croissant with Cheese,Standard,4.50,,DBG00000142,,Turkey Club Croissant with Cheese,Turk Club Croi,Turkey Club Croissant with Cheese,,true,false,,,Transit Entree;,,,,
Assorted Fresh Whole Fruit,Standard,1.25,,DBG00000003,,Assorted Fresh Whole Fruit,AsstFrshWhlFrt,Assorted Fresh Whole Fruit,,true,false,,,Transit Non-Entree;,,,,
Assorted Fresh-Cut Fruit,Standard,2.75,,DBG00000004,,Assorted Fresh-Cut Fruit,AsstFreshCutFrt,Assorted Fresh-Cut Fruit,,true,false,,,Transit Non-Entree;,,,,
Cheese Stick,Standard,2.00,,DBG00000454,,Cheese Stick,Chz Stick,Cheese Stick,,true,false,,,Transit Non-Entree;,,,,
Chobani Blueberry,Standard,2.10,,DBG00000455,,Chobani Blueberry,ChbnBlbrry,Chobani Blueberry,,true,false,,,Transit Non-Entree;,,,,
Chobani Strawberry,Standard,2.10,,DBG00000456,,Chobani Strawberry,Chobani Straw,Chobani Strawberry,,true,false,,,Transit Non-Entree;,,,,
Chocolate Chip Cookie Pudding Parfait,Standard,3.75,,DBG00000051,,Chocolate Chip Cookie Pudding Parfait,Choc Cook Pud,Chocolate Chip Cookie Pudding Parfait,,true,false,,,Transit Non-Entree;,,,,
Fruit and Vanilla Yogurt Parfait,Standard,3.75,,DBG00000066,,Fruit and Vanilla Yogurt Parfait,Van Yog Parf,Fruit and Vanilla Yogurt Parfait,,true,false,,,Transit Non-Entree;,,,,
House-Made Granola,Standard,0.30,,DBG00000085,,House-Made Granola,HM Granola,House-Made Granola,,true,false,,,Transit Non-Entree;,,,,
Hummus and Pita Chips,Standard,4.00,,DBG00000089,,Hummus and Pita Chips,HummusPitaChips,Hummus and Pita Chips,,true,false,,,Transit Non-Entree;,,,,
Mixed Berry and Vanilla Yogurt Cup,Standard,3.75,,DBG00000099,,Mixed Berry and Vanilla Yogurt Cup,MixBryVanlYog,Mixed Berry and Vanilla Yogurt Cup,,true,false,,,Transit Non-Entree;,,,,
Oreo® Chocolate Pudding Parfait,Standard,3.75,,DBG00000101,,Oreo® Chocolate Pudding Parfait,OreoPuddParf,Oreo® Chocolate Pudding Parfait,,true,false,,,Transit Non-Entree;,,,,
Strawberries and Cream Cup,Standard,3.30,,DBG00000130,,Strawberries and Cream Cup,StrwbrCrmCup,Strawberries and Cream Cup,,true,false,,,Transit Non-Entree;,,,,
Strawberry Yogurt and Mixed Berry Parfait,Standard,3.75,,DBG00000131,,Strawberry Yogurt and Mixed Berry Parfait,StrwYgrtMxdBrry,Strawberry Yogurt and Mixed Berry Parfait,,true,false,,,Transit Non-Entree;,,,,
Strawberry Yogurt and Strawberry Cup,Standard,3.75,,DBG00000132,,Strawberry Yogurt and Strawberry Cup,StrwYgrtStrwCup,Strawberry Yogurt and Strawberry Cup,,true,false,,,Transit Non-Entree;,,,,
String Cheese,Standard,1.25,,DBG00000133,,String Cheese,String Chz,String Cheese,,true,false,,,Transit Non-Entree;,,,,
Vietnamese Coffee with Caramel Boba,Standard,3.75,,DBG00000457,,Vietnamese Coffee with Caramel Boba,VietCoffWithCar,Vietnamese Coffee with Caramel Boba,,true,false,,,Transit Non-Entree;,,,,
Whole Dill Pickle,Standard,2.00,,DBG00000148,,Whole Dill Pickle,WholeDillPickle,Whole Dill Pickle,,true,false,,,Transit Non-Entree;,,,,
Brownie,Standard,2.50,,DBG00000458,,Brownie,Brownie,Brownie,,true,false,,,Trayed Desserts;,,,,
Chocolate Cake with Chocolate Frosting,Standard,3.75,,DBG00000459,,Chocolate Cake with Chocolate Frosting,ChocCakeChocFrs,Chocolate Cake with Chocolate Frosting,,true,false,,,Trayed Desserts;,,,,
Chocolate Cake with Vanilla Icing and Chocolate Ch,Standard,3.75,,DBG00000460,,Chocolate Cake with Vanilla Icing and Chocolate Ch,ChocCakeVnllIcn,Chocolate Cake with Vanilla Icing and Chocolate Ch,,true,false,,,Trayed Desserts;,,,,
Chocolate Chip Brookies,Standard,3.50,,DBG00000461,,Chocolate Chip Brookies,ChocChipBrks,Chocolate Chip Brookies,,true,false,,,Trayed Desserts;,,,,
Chocolate Chip Cookies,Standard,2.10,,DBG00000052,,Chocolate Chip Cookies,ChocChipCookies,Chocolate Chip Cookies,,true,false,,,Trayed Desserts;,,,,
Chocolate Pudding Cake,Standard,3.50,,DBG00000462,,Chocolate Pudding Cake,ChocPuddingCake,Chocolate Pudding Cake,,true,false,,,Trayed Desserts;,,,,
Cookie Sandwich,Standard,2.50,,DBG00000463,,Cookie Sandwich,Cookie Sand,Cookie Sandwich,,true,false,,,Trayed Desserts;,,,,
Mardi Gras King Cake,Standard,3.50,,DBG00000464,,Mardi Gras King Cake,MrdGrasKingCake,Mardi Gras King Cake,,true,false,,,Trayed Desserts;,,,,
Rice Krispie Treat,Standard,2.50,,DBG00000465,,Rice Krispie Treat,RiceKrspTrt,Rice Krispie Treat,,true,false,,,Trayed Desserts;,,,,
Sugar Cookies,Standard,2.10,,DBG00000466,,Sugar Cookies,Sugar Cookies,Sugar Cookies,,true,false,,,Trayed Desserts;,,,,
Assorted Powerade®,Standard,3.00,,DBG00000006,,Assorted Powerade®,Asst Powerade,Assorted Powerade®,,true,false,,,Vendor Beverages;,,,,
Core Power Chocolate,Standard,4.75,,DBG00000467,,Core Power Chocolate,Core Power Choc,Core Power Chocolate,,true,false,,,Vendor Beverages;,,,,
Core Power Strawberry,Standard,4.75,,DBG00000468,,Core Power Strawberry,CorePowerStraw,Core Power Strawberry,,true,false,,,Vendor Beverages;,,,,
Core Power Vanilla,Standard,4.75,,DBG00000469,,Core Power Vanilla,CorePwrVnll,Core Power Vanilla,,true,false,,,Vendor Beverages;,,,,
Juice Apple,Standard,3.25,,DBG00000470,,Juice Apple,Juice Apple,Juice Apple,,true,false,,,Vendor Beverages;,,,,
Juice Cranberry Grape,Standard,3.25,,DBG00000471,,Juice Cranberry Grape,JuicCranGrap,Juice Cranberry Grape,,true,false,,,Vendor Beverages;,,,,
Juice Orange,Standard,3.25,,DBG00000472,,Juice Orange,Juice Orange,Juice Orange,,true,false,,,Vendor Beverages;,,,,
Juice Pineapple Orange,Standard,3.25,,DBG00000473,,Juice Pineapple Orange,JuicPineOran,Juice Pineapple Orange,,true,false,,,Vendor Beverages;,,,,
MM Fruit Punch,Standard,3.00,,DBG00000474,,MM Fruit Punch,Mm Frt Punch,MM Fruit Punch,,true,false,,,Vendor Beverages;,,,,
MM Kiwi Straw,Standard,3.00,,DBG00000475,,MM Kiwi Straw,Mm Kiwi Straw,MM Kiwi Straw,,true,false,,,Vendor Beverages;,,,,
MM Lemonade,Standard,3.00,,DBG00000476,,MM Lemonade,Mm Lemonade,MM Lemonade,,true,false,,,Vendor Beverages;,,,,
MM Peach,Standard,3.00,,DBG00000477,,MM Peach,Mm Peach,MM Peach,,true,false,,,Vendor Beverages;,,,,
MM Pink Lemond,Standard,3.00,,DBG00000478,,MM Pink Lemond,Mm Pink Lemond,MM Pink Lemond,,true,false,,,Vendor Beverages;,,,,
MM Tropical,Standard,3.00,,DBG00000479,,MM Tropical,Mm Tropical,MM Tropical,,true,false,,,Vendor Beverages;,,,,
Peace Tea Caddy,Standard,2.95,,DBG00000480,,Peace Tea Caddy,Peace Tea Caddy,Peace Tea Caddy,,true,false,,,Vendor Beverages;,,,,
Peace Tea Peach,Standard,2.95,,DBG00000481,,Peace Tea Peach,Peace Tea Peach,Peace Tea Peach,,true,false,,,Vendor Beverages;,,,,
Peace Tea Raspberry,Standard,2.95,,DBG00000482,,Peace Tea Raspberry,PcTeaRspbrr,Peace Tea Raspberry,,true,false,,,Vendor Beverages;,,,,
Peace Tea Snoberry,Standard,2.95,,DBG00000483,,Peace Tea Snoberry,PcTeaSnbrry,Peace Tea Snoberry,,true,false,,,Vendor Beverages;,,,,
Powerade Berry Blast,Standard,3.00,,DBG00000484,,Powerade Berry Blast,PwrdBrryBlst,Powerade Berry Blast,,true,false,,,Vendor Beverages;,,,,
Powerade Fruit Punch,Standard,3.00,,DBG00000485,,Powerade Fruit Punch,PwrdFrtPnch,Powerade Fruit Punch,,true,false,,,Vendor Beverages;,,,,
Powerade Lemon Lime,Standard,3.00,,DBG00000486,,Powerade Lemon Lime,PwrdLmnLime,Powerade Lemon Lime,,true,false,,,Vendor Beverages;,,,,
Powerade Orange,Standard,3.00,,DBG00000487,,Powerade Orange,Pwrd Orange,Powerade Orange,,true,false,,,Vendor Beverages;,,,,
Powerade Water Mt Blue,Standard,3.25,,DBG00000488,,Powerade Water Mt Blue,PwrdWtrMtBlue,Powerade Water Mt Blue,,true,false,,,Vendor Beverages;,,,,
Powerade Water St Kiwi,Standard,3.25,,DBG00000489,,Powerade Water St Kiwi,PwrdWtrStKiwi,Powerade Water St Kiwi,,true,false,,,Vendor Beverages;,,,,
Powerade Water TropPA,Standard,3.25,,DBG00000490,,Powerade Water TropPA,PwrdWtrTrpp,Powerade Water TropPA,,true,false,,,Vendor Beverages;,,,,
Powerade Water WMelon,Standard,3.25,,DBG00000491,,Powerade Water WMelon,PwrdWtrWmln,Powerade Water WMelon,,true,false,,,Vendor Beverages;,,,,
Powerade Zero Berry,Standard,3.00,,DBG00000492,,Powerade Zero Berry,PwrdZeroBrry,Powerade Zero Berry,,true,false,,,Vendor Beverages;,,,,
Powerade Zero Grape,Standard,3.00,,DBG00000493,,Powerade Zero Grape,PwrdZeroGrp,Powerade Zero Grape,,true,false,,,Vendor Beverages;,,,,
Pure Life Water - 16.9 fl oz,Standard,1.60,,DBG00000494,,Pure Life Water - 16.9 fl oz,PureLifeWtr169F,Pure Life Water - 16.9 fl oz,,true,false,,,Vendor Beverages;,,,,
Pure Life Water - 23.7 fl oz,Standard,2.00,,DBG00000495,,Pure Life Water - 23.7 fl oz,PureLifeWtr237F,Pure Life Water - 23.7 fl oz,,true,false,,,Vendor Beverages;,,,,
Sparkling Ice Black Rasp,Standard,3.00,,DBG00000496,,Sparkling Ice Black Rasp,Sprk Ice Blck,Sparkling Ice Black Rasp,,true,false,,,Vendor Beverages;,,,,
Sparkling Ice Kiwi Straw,Standard,3.00,,DBG00000497,,Sparkling Ice Kiwi Straw,Sprk Ice KiwiSt,Sparkling Ice Kiwi Straw,,true,false,,,Vendor Beverages;,,,,
VW Acai Bl Pom,Standard,4.00,,DBG00000498,,VW Acai Bl Pom,Vw Acai Bl Pom,VW Acai Bl Pom,,true,false,,,Vendor Beverages;,,,,
VW Dragon Fruit,Standard,4.00,,DBG00000499,,VW Dragon Fruit,Vw Dragon Frt,VW Dragon Fruit,,true,false,,,Vendor Beverages;,,,,
VW Kiwi Strawberry,Standard,4.00,,DBG00000500,,VW Kiwi Strawberry,Vw Kiwi Straw,VW Kiwi Strawberry,,true,false,,,Vendor Beverages;,,,,
VW lemonade,Standard,4.00,,DBG00000501,,VW lemonade,Vw Lemonade,VW lemonade,,true,false,,,Vendor Beverages;,,,,
VW Tropical Energy,Standard,4.00,,DBG00000502,,VW Tropical Energy,VwTrpclEnrgy,VW Tropical Energy,,true,false,,,Vendor Beverages;,,,,
VW Zero Acai Bl Pom,Standard,4.00,,DBG00000503,,VW Zero Acai Bl Pom,VwZeroAcaiBlPom,VW Zero Acai Bl Pom,,true,false,,,Vendor Beverages;,,,,
